IDT,Provincia,Canton,Distrito,Latitude,Longitude,Creacion,COD+AF8-PROV,COD+AF8-CANT,COD+AF8-DIST
156,Alajuela,Alajuela,Desamparados,10.0222957,+AC0-84.2011886,09/14/16 07:27 PM,2,1,10
311,Alajuela,Alajuela,Desamparados,10.020941,+AC0-84.1906281,04/30/16 07:52 PM,2,1,10
13,Alajuela,Alajuela,Garita,10.0074986,+AC0-84.2782949,11/25/16 09:12 PM,2,1,13
240,Alajuela,Alajuela,Garita,10.0073355,+AC0-84.2782758,10/10/16 12:13 AM,2,1,13
328,Alajuela,Alajuela,Garita,10.0073951,+AC0-84.2783377,11/03/16 02:59 AM,2,1,13
1,Alajuela,Alajuela,Gu+AOE-cima,9.9495972,+AC0-84.2618815,03/05/16 04:29 PM,2,1,5
85,Alajuela,Alajuela,Gu+AOE-cima,9.9647217,+AC0-84.257225,08/14/14 09:13 PM,2,1,5
123,Alajuela,Alajuela,Gu+AOE-cima,9.964722,+AC0-84.257225,05/17/16 06:19 PM,2,1,5
201,Alajuela,Alajuela,Gu+AOE-cima,9.9603151,+AC0-84.2583427,11/06/14 05:16 PM,2,1,5
230,Alajuela,Alajuela,Gu+AOE-cima,10.0451899,+AC0-84.2180862,10/30/14 12:27 AM,2,1,5
261,Alajuela,Alajuela,Gu+AOE-cima,9.9622463,+AC0-84.2547914,08/19/15 08:01 PM,2,1,5
313,Alajuela,Alajuela,Gu+AOE-cima,9.9809764,+AC0-84.2595199,10/08/14 01:35 AM,2,1,5
316,Alajuela,Alajuela,Gu+AOE-cima,9.994758,+AC0-84.270688,04/17/17 09:22 PM,2,1,5
342,Alajuela,Alajuela,Gu+AOE-cima,9.9684758,+AC0-84.240337,09/06/16 02:30 AM,2,1,5
114,Alajuela,Alajuela,San Rafael,9.9725913,+AC0-84.2134559,07/30/14 01:42 PM,2,1,8
295,Alajuela,Alajuela,San Rafael,9.9679604,+AC0-84.2297078,04/28/17 09:39 PM,2,1,8
323,Alajuela,Alajuela,San Rafael,9.974444,+AC0-84.21528,04/01/16 01:52 AM,2,1,8
365,Alajuela,Alajuela,San Rafael,9.9730492,+AC0-84.2113318,05/17/16 11:39 PM,2,1,8
398,Alajuela,Alajuela,San Rafael,9.9670054,+AC0-84.2259645,09/26/15 10:23 PM,2,1,8
455,Alajuela,Alajuela,San Rafael,9.9563286,+AC0-84.2263842,07/19/14 06:21 PM,2,1,8
60,Alajuela,Alajuela,Turr+APo-cares,9.9598581,+AC0-84.3188292,10/13/14 07:24 AM,2,1,11
130,Alajuela,Alajuela,Turr+APo-cares,9.9594248,+AC0-84.3188077,10/06/16 02:40 PM,2,1,11
155,Alajuela,Grecia,San Isidro,10.1209353,+AC0-84.2698574,08/19/14 02:57 AM,2,3,2
386,Cartago,Cartago,Aguacaliente (San Francisco),9.8322667,+AC0-83.9035642,08/05/15 01:12 AM,3,1,5
441,Cartago,Cartago,Carmen,9.8686085,+AC0-83.921453,09/05/17 05:02 PM,3,1,3
154,Cartago,Cartago,Dulce Nombre,9.8456322,+AC0-83.9095726,09/17/16 08:21 PM,3,1,9
303,Cartago,Cartago,Dulce Nombre,9.8425735,+AC0-83.9077699,10/22/15 05:25 PM,3,1,9
274,Cartago,Cartago,Guadalupe (Arenilla),9.8625002,+AC0-83.9375,11/01/14 03:19 PM,3,1,6
39,Cartago,Cartago,Occidental,9.8601736,+AC0-83.9233992,01/02/17 07:18 PM,3,1,2
187,Cartago,Cartago,Occidental,9.8618556,+AC0-83.9194856,12/09/14 08:08 PM,3,1,2
214,Cartago,Cartago,Occidental,9.8616006,+AC0-83.9214642,03/17/15 06:42 PM,3,1,2
314,Cartago,Cartago,Occidental,9.8605674,+AC0-83.92124,08/26/16 11:40 PM,3,1,2
403,Cartago,Cartago,Occidental,9.8596779,+AC0-83.921564,07/29/16 11:06 PM,3,1,2
305,Cartago,Cartago,Tierra Blanca,9.9148203,+AC0-83.8941682,08/10/16 04:25 AM,3,1,8
59,Cartago,El Guarco,El Tejar,9.8551315,+AC0-83.9480567,11/03/14 08:34 PM,3,8,1
129,Cartago,El Guarco,El Tejar,9.8453246,+AC0-83.9391223,04/21/15 08:51 PM,3,8,1
166,Cartago,El Guarco,El Tejar,9.8461113,+AC0-83.9402771,02/09/15 05:02 PM,3,8,1
288,Cartago,El Guarco,El Tejar,9.8429752,+AC0-83.9395031,11/21/14 07:57 PM,3,8,1
469,Cartago,El Guarco,San Isidro,9.830539,+AC0-83.9531369,08/05/14 06:48 PM,3,8,2
216,Cartago,La Uni+APM-n,San Diego,9.9096048,+AC0-84.0204468,09/14/17 06:51 PM,3,3,2
232,Cartago,La Uni+APM-n,San Diego,9.9109606,+AC0-84.0175685,08/07/16 12:58 PM,3,3,2
460,Cartago,La Uni+APM-n,San Diego,9.9121763,+AC0-84.0171987,0000+AC0-00+AC0-00 00:00:00,3,3,2
473,Cartago,La Uni+APM-n,San Diego,9.9096048,+AC0-84.0204468,09/14/17 07:24 PM,3,3,2
9,Cartago,La Uni+APM-n,Tres R+AO0-os,9.9087461,+AC0-84.0070723,03/03/15 11:08 PM,3,3,1
29,Cartago,La Uni+APM-n,Tres R+AO0-os,9.909444,+AC0-83.986946,01/06/16 12:01 AM,3,3,1
68,Cartago,La Uni+APM-n,Tres R+AO0-os,9.909444,+AC0-83.986946,01/06/16 12:07 AM,3,3,1
118,Cartago,La Uni+APM-n,Tres R+AO0-os,9.9091266,+AC0-84.0100243,06/24/15 05:07 PM,3,3,1
122,Cartago,La Uni+APM-n,Tres R+AO0-os,9.909444,+AC0-83.986946,05/17/16 06:31 PM,3,3,1
138,Cartago,La Uni+APM-n,Tres R+AO0-os,9.9068173,+AC0-84.000628,07/23/14 10:13 PM,3,3,1
190,Cartago,La Uni+APM-n,Tres R+AO0-os,9.9096497,+AC0-83.9999199,08/18/14 08:25 PM,3,3,1
231,Cartago,La Uni+APM-n,Tres R+AO0-os,9.9121226,+AC0-84.0169489,0000+AC0-00+AC0-00 00:00:00,3,3,1
273,Cartago,La Uni+APM-n,Tres R+AO0-os,9.9077107,+AC0-83.9871284,10/31/15 09:33 PM,3,3,1
396,Cartago,La Uni+APM-n,Tres R+AO0-os,9.9354365,+AC0-83.9767241,10/30/14 08:20 PM,3,3,1
404,Cartago,La Uni+APM-n,Tres R+AO0-os,9.908762,+AC0-84.004619,0000+AC0-00+AC0-00 00:00:00,3,3,1
442,Cartago,La Uni+APM-n,Tres R+AO0-os,9.9078742,+AC0-83.9781725,07/27/15 05:31 PM,3,3,1
447,Cartago,La Uni+APM-n,Tres R+AO0-os,9.9077051,+AC0-83.9872813,10/10/13 04:14 PM,3,3,1
480,Cartago,La Uni+APM-n,Tres R+AO0-os,9.9087536,+AC0-84.0100813,06/05/14 05:20 PM,3,3,1
486,Cartago,La Uni+APM-n,Tres R+AO0-os,9.9094439,+AC0-83.9869461,10/02/14 10:05 PM,3,3,1
197,Cartago,Para+AO0-so,Orosi,9.7986107,+AC0-83.8566666,04/03/15 04:52 PM,3,2,3
456,Heredia,Bel+AOk-n,La Asunci+APM-n,9.9796815,+AC0-84.1747677,07/22/14 02:52 AM,4,7,3
87,Heredia,Bel+AOk-n,San Antonio,9.9805555,+AC0-84.1883316,11/13/14 11:04 AM,4,7,1
120,Heredia,Bel+AOk-n,San Antonio,9.9776632,+AC0-84.185738,09/02/14 05:27 PM,4,7,1
132,Heredia,Bel+AOk-n,San Antonio,9.980556,+AC0-84.18833,05/18/16 02:38 PM,4,7,1
369,Heredia,Bel+AOk-n,San Antonio,9.980556,+AC0-84.18833,10/28/14 08:39 PM,4,7,1
436,Heredia,Bel+AOk-n,San Antonio,9.9780648,+AC0-84.1882807,06/17/15 07:16 PM,4,7,1
496,Heredia,Bel+AOk-n,San Antonio,9.9805555,+AC0-84.1883316,10/08/14 11:57 PM,4,7,1
53,Heredia,Flores,San Joaqu+AO0-n,9.996121,+AC0-84.1566122,11/05/14 10:05 PM,4,8,1
55,Heredia,Flores,San Joaqu+AO0-n,9.999673,+AC0-84.152398,0000+AC0-00+AC0-00 00:00:00,4,8,1
107,Heredia,Flores,San Joaqu+AO0-n,10.0137566,+AC0-84.1504582,03/03/16 03:26 PM,4,8,1
151,Heredia,Flores,San Joaqu+AO0-n,10.004227,+AC0-84.152226,0000+AC0-00+AC0-00 00:00:00,4,8,1
188,Heredia,Flores,San Joaqu+AO0-n,10.0044441,+AC0-84.1538925,12/08/14 06:10 PM,4,8,1
293,Heredia,Flores,San Joaqu+AO0-n,10.0041764,+AC0-84.1522217,09/01/15 04:42 AM,4,8,1
341,Heredia,Flores,San Joaqu+AO0-n,10.0044441,+AC0-84.1538925,09/27/14 12:10 AM,4,8,1
346,Heredia,Flores,San Joaqu+AO0-n,9.9988538,+AC0-84.1558635,10/28/14 07:53 PM,4,8,1
153,Heredia,Heredia,Heredia,9.9903487,+AC0-84.1508418,08/19/14 03:24 PM,4,1,1
289,Heredia,Heredia,Mercedes,10.0100904,+AC0-84.1372919,01/26/15 05:19 PM,4,1,2
339,Heredia,Heredia,Mercedes,9.9929237,+AC0-84.1369228,09/05/16 11:25 PM,4,1,2
52,Heredia,Heredia,San Francisco,9.9968067,+AC0-84.1233967,09/30/16 08:12 PM,4,1,3
137,Heredia,Heredia,San Francisco,9.9924614,+AC0-84.151956,07/16/14 08:58 PM,4,1,3
145,Heredia,Heredia,San Francisco,9.994722,+AC0-84.12806,12/13/15 11:09 PM,4,1,3
228,Heredia,Heredia,San Francisco,9.9926104,+AC0-84.1226047,06/01/17 06:45 PM,4,1,3
282,Heredia,Heredia,San Francisco,9.9789629,+AC0-84.1468084,03/03/17 08:47 PM,4,1,3
315,Heredia,Heredia,San Francisco,9.9947224,+AC0-84.1280594,10/20/14 09:15 PM,4,1,3
327,Heredia,Heredia,San Francisco,9.9975331,+AC0-84.1277647,02/29/16 10:01 PM,4,1,3
334,Heredia,Heredia,San Francisco,9.997327,+AC0-84.138632,07/11/17 06:55 PM,4,1,3
350,Heredia,Heredia,San Francisco,9.9792333,+AC0-84.1463753,09/07/16 12:30 AM,4,1,3
363,Heredia,Heredia,San Francisco,9.9905215,+AC0-84.1217438,09/26/16 02:55 PM,4,1,3
379,Heredia,Heredia,San Francisco,9.9962188,+AC0-84.1281756,02/06/15 06:23 PM,4,1,3
413,Heredia,Heredia,San Francisco,9.9851707,+AC0-84.186269,09/01/16 08:09 PM,4,1,3
421,Heredia,Heredia,San Francisco,9.9960776,+AC0-84.1326792,04/27/16 08:50 PM,4,1,3
433,Heredia,Heredia,San Francisco,9.9928705,+AC0-84.1218521,08/10/16 04:49 AM,4,1,3
448,Heredia,Heredia,San Francisco,9.9923293,+AC0-84.1219444,09/30/16 10:59 PM,4,1,3
439,Heredia,Heredia,Ulloa,9.9550098,+AC0-84.1595289,01/16/17 04:24 PM,4,1,4
483,Heredia,Heredia,Ulloa,9.975963,+AC0-84.1545605,0000+AC0-00+AC0-00 00:00:00,4,1,4
407,Heredia,Santo Domingo,San Miguel,9.9843669,+AC0-84.0464325,11/16/16 07:15 PM,4,3,3
320,San Jos+AOk-,Curridabat,Curridabat,9.9219753,+AC0-84.0367841,02/20/15 05:54 PM,1,18,1
319,San Jos+AOk-,Curridabat,Granadilla,9.9355964,+AC0-84.0097143,10/29/13 05:11 PM,1,18,2
58,San Jos+AOk-,Desamparados,Gravilias,9.8934374,+AC0-84.0583685,09/25/14 09:33 PM,1,3,12
8,San Jos+AOk-,Desamparados,San Antonio,9.8983736,+AC0-84.0497316,09/27/16 07:22 PM,1,3,5
49,San Jos+AOk-,Desamparados,San Antonio,9.8994141,+AC0-84.0420783,10/18/14 01:30 AM,1,3,5
135,San Jos+AOk-,Desamparados,San Antonio,9.9005556,+AC0-84.0477753,07/23/14 06:14 PM,1,3,5
143,San Jos+AOk-,Desamparados,San Antonio,9.8999891,+AC0-84.0496545,11/01/16 03:45 PM,1,3,5
161,San Jos+AOk-,Desamparados,San Antonio,9.8991376,+AC0-84.0539094,08/22/14 04:41 PM,1,3,5
307,San Jos+AOk-,Desamparados,San Antonio,9.9030865,+AC0-84.0585744,09/26/14 11:22 PM,1,3,5
387,San Jos+AOk-,Desamparados,San Antonio,9.8755012,+AC0-84.0355497,10/25/16 11:23 PM,1,3,5
419,San Jos+AOk-,Desamparados,San Antonio,9.900556,+AC0-84.047775,11/19/15 04:53 AM,1,3,5
424,San Jos+AOk-,Desamparados,San Antonio,9.9038738,+AC0-84.0450789,09/24/16 04:28 AM,1,3,5
299,San Jos+AOk-,Escaz+APo-,San Antonio,9.8919182,+AC0-84.1274307,10/18/16 06:56 PM,1,2,2
331,San Jos+AOk-,Escaz+APo-,San Antonio,9.908861,+AC0-84.1342327,10/03/16 09:47 PM,1,2,2
2,San Jos+AOk-,Escaz+APo-,San Rafael,9.9287588,+AC0-84.1227946,08/28/17 09:42 PM,1,2,3
36,San Jos+AOk-,Escaz+APo-,San Rafael,9.9396948,+AC0-84.1429295,04/24/14 06:41 AM,1,2,3
38,San Jos+AOk-,Escaz+APo-,San Rafael,9.9313943,+AC0-84.131155,08/28/14 05:43 PM,1,2,3
47,San Jos+AOk-,Escaz+APo-,San Rafael,9.9461195,+AC0-84.1486869,02/16/17 09:23 PM,1,2,3
64,San Jos+AOk-,Escaz+APo-,San Rafael,9.9274206,+AC0-84.1338855,11/11/14 06:04 PM,1,2,3
84,San Jos+AOk-,Escaz+APo-,San Rafael,9.9397779,+AC0-84.1438434,04/24/14 06:41 AM,1,2,3
172,San Jos+AOk-,Escaz+APo-,San Rafael,9.9346483,+AC0-84.14879,03/22/17 09:33 PM,1,2,3
180,San Jos+AOk-,Escaz+APo-,San Rafael,9.9385689,+AC0-84.1428993,08/01/17 12:33 AM,1,2,3
186,San Jos+AOk-,Escaz+APo-,San Rafael,9.9324775,+AC0-84.1287625,08/16/17 11:05 PM,1,2,3
194,San Jos+AOk-,Escaz+APo-,San Rafael,9.9397779,+AC0-84.1438434,09/16/16 10:49 PM,1,2,3
247,San Jos+AOk-,Escaz+APo-,San Rafael,9.9397779,+AC0-84.1438434,12/10/16 12:42 AM,1,2,3
248,San Jos+AOk-,Escaz+APo-,San Rafael,9.9400362,+AC0-84.1441621,08/04/16 10:58 PM,1,2,3
253,San Jos+AOk-,Escaz+APo-,San Rafael,9.9383178,+AC0-84.142841,08/08/16 05:20 PM,1,2,3
259,San Jos+AOk-,Escaz+APo-,San Rafael,9.9396194,+AC0-84.1437576,08/03/16 04:22 PM,1,2,3
260,San Jos+AOk-,Escaz+APo-,San Rafael,9.9392594,+AC0-84.1434419,03/07/17 08:57 PM,1,2,3
265,San Jos+AOk-,Escaz+APo-,San Rafael,9.9397779,+AC0-84.1438434,11/29/16 05:40 PM,1,2,3
266,San Jos+AOk-,Escaz+APo-,San Rafael,9.9397779,+AC0-84.1438434,10/20/16 05:35 PM,1,2,3
267,San Jos+AOk-,Escaz+APo-,San Rafael,9.9398212,+AC0-84.1443458,04/07/17 04:03 PM,1,2,3
321,San Jos+AOk-,Escaz+APo-,San Rafael,9.9401016,+AC0-84.1440874,04/24/14 06:41 AM,1,2,3
333,San Jos+AOk-,Escaz+APo-,San Rafael,9.931604,+AC0-84.129891,07/13/16 07:16 AM,1,2,3
345,San Jos+AOk-,Escaz+APo-,San Rafael,9.9385237,+AC0-84.1428498,09/20/13 07:14 AM,1,2,3
357,San Jos+AOk-,Escaz+APo-,San Rafael,9.9400882,+AC0-84.1415048,01/27/17 05:09 PM,1,2,3
371,San Jos+AOk-,Escaz+APo-,San Rafael,9.9346483,+AC0-84.14879,08/01/17 09:59 PM,1,2,3
385,San Jos+AOk-,Escaz+APo-,San Rafael,9.9317347,+AC0-84.1262798,06/27/17 08:14 PM,1,2,3
389,San Jos+AOk-,Escaz+APo-,San Rafael,9.9352252,+AC0-84.1453576,09/14/16 07:06 PM,1,2,3
405,San Jos+AOk-,Escaz+APo-,San Rafael,9.9406106,+AC0-84.1570925,01/25/17 06:02 PM,1,2,3
420,San Jos+AOk-,Escaz+APo-,San Rafael,9.9385237,+AC0-84.1428498,03/21/17 12:01 AM,1,2,3
423,San Jos+AOk-,Escaz+APo-,San Rafael,9.9342668,+AC0-84.1300144,05/13/16 10:25 PM,1,2,3
429,San Jos+AOk-,Escaz+APo-,San Rafael,9.9299728,+AC0-84.1392808,08/07/14 01:13 AM,1,2,3
430,San Jos+AOk-,Escaz+APo-,San Rafael,9.9327153,+AC0-84.150475,10/24/16 03:25 PM,1,2,3
435,San Jos+AOk-,Escaz+APo-,San Rafael,9.9437111,+AC0-84.1460896,04/24/15 06:20 AM,1,2,3
437,San Jos+AOk-,Escaz+APo-,San Rafael,9.9318645,+AC0-84.1497159,05/26/16 08:18 PM,1,2,3
466,San Jos+AOk-,Escaz+APo-,San Rafael,9.9287588,+AC0-84.1227946,09/06/17 06:08 PM,1,2,3
474,San Jos+AOk-,Escaz+APo-,San Rafael,9.9400652,+AC0-84.1442013,01/23/17 05:27 PM,1,2,3
477,San Jos+AOk-,Escaz+APo-,San Rafael,9.9389667,+AC0-84.1521699,01/09/17 02:43 PM,1,2,3
479,San Jos+AOk-,Escaz+APo-,San Rafael,9.9309048,+AC0-84.1327824,02/08/17 10:06 PM,1,2,3
484,San Jos+AOk-,Escaz+APo-,San Rafael,9.9278486,+AC0-84.1354573,03/05/15 04:38 PM,1,2,3
21,San Jos+AOk-,Goicoechea,Calle Blancos,9.9488123,+AC0-84.0635558,09/06/17 05:20 PM,1,8,3
233,San Jos+AOk-,Goicoechea,Calle Blancos,9.9448182,+AC0-84.0642703,10/07/14 08:06 PM,1,8,3
446,San Jos+AOk-,Goicoechea,Calle Blancos,9.9472218,+AC0-84.0688858,12/17/14 10:49 PM,1,8,3
478,San Jos+AOk-,Goicoechea,Calle Blancos,9.9472218,+AC0-84.0688858,03/06/15 08:00 PM,1,8,3
19,San Jos+AOk-,Goicoechea,Guadalupe,9.9510661,+AC0-84.0574479,05/15/14 03:03 PM,1,8,1
24,San Jos+AOk-,Goicoechea,Guadalupe,9.9496534,+AC0-84.0590334,10/29/14 08:48 PM,1,8,1
27,San Jos+AOk-,Goicoechea,Guadalupe,9.9502841,+AC0-84.059025,02/22/16 10:48 PM,1,8,1
30,San Jos+AOk-,Goicoechea,Guadalupe,9.9469765,+AC0-84.0461826,06/15/15 03:17 AM,1,8,1
42,San Jos+AOk-,Goicoechea,Guadalupe,9.9486567,+AC0-84.052695,11/01/14 02:44 PM,1,8,1
43,San Jos+AOk-,Goicoechea,Guadalupe,9.9513264,+AC0-84.0496548,04/22/15 11:48 PM,1,8,1
46,San Jos+AOk-,Goicoechea,Guadalupe,9.9477777,+AC0-84.0547256,08/19/15 09:42 PM,1,8,1
57,San Jos+AOk-,Goicoechea,Guadalupe,9.9446393,+AC0-84.0574819,02/23/15 07:58 PM,1,8,1
62,San Jos+AOk-,Goicoechea,Guadalupe,9.9448049,+AC0-84.0547766,02/11/15 12:10 AM,1,8,1
92,San Jos+AOk-,Goicoechea,Guadalupe,9.9477777,+AC0-84.0547256,08/17/15 03:01 PM,1,8,1
96,San Jos+AOk-,Goicoechea,Guadalupe,9.947674,+AC0-84.058526,0000+AC0-00+AC0-00 00:00:00,1,8,1
112,San Jos+AOk-,Goicoechea,Guadalupe,9.9477777,+AC0-84.0547256,09/17/15 07:51 PM,1,8,1
121,San Jos+AOk-,Goicoechea,Guadalupe,9.7420369,+AC0-83.8370953,05/12/16 08:26 PM,1,8,1
160,San Jos+AOk-,Goicoechea,Guadalupe,9.9504215,+AC0-84.0621686,07/29/14 03:16 PM,1,8,1
174,San Jos+AOk-,Goicoechea,Guadalupe,9.947778,+AC0-84.054726,05/18/16 01:36 PM,1,8,1
192,San Jos+AOk-,Goicoechea,Guadalupe,9.948234,+AC0-84.0594542,11/05/13 03:35 PM,1,8,1
193,San Jos+AOk-,Goicoechea,Guadalupe,9.9478536,+AC0-84.0598083,02/21/14 05:57 PM,1,8,1
208,San Jos+AOk-,Goicoechea,Guadalupe,9.9424747,+AC0-84.0563965,05/21/15 08:43 PM,1,8,1
209,San Jos+AOk-,Goicoechea,Guadalupe,9.9489843,+AC0-84.0579522,07/29/14 04:45 AM,1,8,1
210,San Jos+AOk-,Goicoechea,Guadalupe,9.9495074,+AC0-84.0578878,06/11/14 03:36 PM,1,8,1
220,San Jos+AOk-,Goicoechea,Guadalupe,9.949175,+AC0-84.057877,09/20/13 07:14 AM,1,8,1
224,San Jos+AOk-,Goicoechea,Guadalupe,9.9485669,+AC0-84.0501335,08/06/15 04:10 PM,1,8,1
242,San Jos+AOk-,Goicoechea,Guadalupe,9.9494704,+AC0-84.0591323,08/25/15 08:09 PM,1,8,1
243,San Jos+AOk-,Goicoechea,Guadalupe,9.949449,+AC0-84.059143,0000+AC0-00+AC0-00 00:00:00,1,8,1
244,San Jos+AOk-,Goicoechea,Guadalupe,9.9501573,+AC0-84.0606451,12/15/14 02:48 PM,1,8,1
246,San Jos+AOk-,Goicoechea,Guadalupe,9.9492379,+AC0-84.0588641,06/19/14 07:33 PM,1,8,1
249,San Jos+AOk-,Goicoechea,Guadalupe,9.9492485,+AC0-84.0588534,12/09/14 10:43 PM,1,8,1
250,San Jos+AOk-,Goicoechea,Guadalupe,9.949349,+AC0-84.058558,0000+AC0-00+AC0-00 00:00:00,1,8,1
251,San Jos+AOk-,Goicoechea,Guadalupe,9.9492062,+AC0-84.0588534,04/01/14 08:15 PM,1,8,1
252,San Jos+AOk-,Goicoechea,Guadalupe,9.9492379,+AC0-84.0588639,11/05/13 05:20 PM,1,8,1
254,San Jos+AOk-,Goicoechea,Guadalupe,9.9494916,+AC0-84.0590572,11/05/13 05:43 PM,1,8,1
255,San Jos+AOk-,Goicoechea,Guadalupe,9.9492149,+AC0-84.0588026,01/15/14 03:27 PM,1,8,1
256,San Jos+AOk-,Goicoechea,Guadalupe,9.9492379,+AC0-84.0588641,04/29/14 08:53 PM,1,8,1
257,San Jos+AOk-,Goicoechea,Guadalupe,9.9477653,+AC0-84.0593608,08/10/15 05:17 PM,1,8,1
262,San Jos+AOk-,Goicoechea,Guadalupe,9.9515099,+AC0-84.0592128,08/19/15 07:47 PM,1,8,1
264,San Jos+AOk-,Goicoechea,Guadalupe,9.9492149,+AC0-84.0588455,01/15/14 03:25 PM,1,8,1
271,San Jos+AOk-,Goicoechea,Guadalupe,9.9500464,+AC0-84.0585047,03/16/16 09:13 PM,1,8,1
277,San Jos+AOk-,Goicoechea,Guadalupe,9.949164,+AC0-84.0612352,08/11/15 12:00 AM,1,8,1
281,San Jos+AOk-,Goicoechea,Guadalupe,9.9477777,+AC0-84.0547256,10/02/14 10:39 PM,1,8,1
291,San Jos+AOk-,Goicoechea,Guadalupe,9.9535706,+AC0-84.0357059,11/12/14 09:22 PM,1,8,1
306,San Jos+AOk-,Goicoechea,Guadalupe,9.9499142,+AC0-84.0581721,0000+AC0-00+AC0-00 00:00:00,1,8,1
310,San Jos+AOk-,Goicoechea,Guadalupe,9.9532578,+AC0-84.0423331,10/06/14 10:06 PM,1,8,1
317,San Jos+AOk-,Goicoechea,Guadalupe,9.9497947,+AC0-84.0310677,08/03/16 09:16 PM,1,8,1
347,San Jos+AOk-,Goicoechea,Guadalupe,9.9492432,+AC0-84.0588695,09/12/14 05:00 PM,1,8,1
358,San Jos+AOk-,Goicoechea,Guadalupe,9.94844,+AC0-84.058869,09/20/13 07:14 AM,1,8,1
364,San Jos+AOk-,Goicoechea,Guadalupe,9.9477777,+AC0-84.0547256,11/02/14 03:00 PM,1,8,1
391,San Jos+AOk-,Goicoechea,Guadalupe,9.949301,+AC0-84.059004,0000+AC0-00+AC0-00 00:00:00,1,8,1
393,San Jos+AOk-,Goicoechea,Guadalupe,9.9605872,+AC0-84.0379,05/12/15 04:39 AM,1,8,1
400,San Jos+AOk-,Goicoechea,Guadalupe,9.9504638,+AC0-84.0527185,04/08/16 08:12 PM,1,8,1
412,San Jos+AOk-,Goicoechea,Guadalupe,9.9477777,+AC0-84.0547256,08/11/15 05:36 AM,1,8,1
422,San Jos+AOk-,Goicoechea,Guadalupe,9.9495972,+AC0-84.0592074,02/27/14 09:18 PM,1,8,1
444,San Jos+AOk-,Goicoechea,Guadalupe,9.950263,+AC0-84.0554357,05/17/15 06:39 PM,1,8,1
452,San Jos+AOk-,Goicoechea,Guadalupe,9.9492379,+AC0-84.0588614,05/27/14 08:20 PM,1,8,1
464,San Jos+AOk-,Goicoechea,Guadalupe,9.9499248,+AC0-84.0577161,06/25/15 07:24 PM,1,8,1
467,San Jos+AOk-,Goicoechea,Guadalupe,9.9464058,+AC0-84.0588856,02/24/15 11:35 PM,1,8,1
471,San Jos+AOk-,Goicoechea,Guadalupe,9.9511242,+AC0-84.0596151,10/23/13 10:13 PM,1,8,1
472,San Jos+AOk-,Goicoechea,Guadalupe,9.9534121,+AC0-84.0597975,11/09/14 11:12 PM,1,8,1
481,San Jos+AOk-,Goicoechea,Guadalupe,9.9703815,+AC0-84.0199023,07/31/15 11:11 PM,1,8,1
485,San Jos+AOk-,Goicoechea,Guadalupe,9.9491957,+AC0-84.0588856,11/18/13 07:17 PM,1,8,1
498,San Jos+AOk-,Goicoechea,Guadalupe,9.9493225,+AC0-84.0578341,03/19/14 07:31 PM,1,8,1
125,San Jos+AOk-,Goicoechea,Ip+AO0-s,9.9735106,+AC0-84.0240598,10/05/16 03:06 PM,1,8,5
239,San Jos+AOk-,Goicoechea,Ip+AO0-s,9.9701873,+AC0-84.0141302,08/07/17 06:08 PM,1,8,5
270,San Jos+AOk-,Goicoechea,Mata de Pl+AOE-tano,9.956111,+AC0-84.019165,11/05/14 02:12 PM,1,8,4
290,San Jos+AOk-,Goicoechea,Purral,9.9529603,+AC0-84.0363453,09/23/16 01:11 AM,1,8,7
380,San Jos+AOk-,Goicoechea,San Francisco,9.943678,+AC0-84.0772103,03/23/17 12:04 AM,1,8,2
98,San Jos+AOk-,Montes de Oca,Mercedes,9.9441486,+AC0-84.045766,09/16/16 03:28 PM,1,15,3
113,San Jos+AOk-,Montes de Oca,Mercedes,9.9387046,+AC0-84.0518276,09/22/16 03:06 AM,1,15,3
50,San Jos+AOk-,Montes de Oca,Sabanilla,9.942962,+AC0-84.0414957,07/28/16 05:44 PM,1,15,2
51,San Jos+AOk-,Montes de Oca,Sabanilla,9.9450974,+AC0-84.0312817,09/21/16 12:41 PM,1,15,2
54,San Jos+AOk-,Montes de Oca,Sabanilla,9.9466667,+AC0-84.0363922,11/11/15 01:34 AM,1,15,2
78,San Jos+AOk-,Montes de Oca,Sabanilla,9.9401234,+AC0-84.0516828,05/17/15 02:53 PM,1,15,2
81,San Jos+AOk-,Montes de Oca,Sabanilla,9.9400282,+AC0-84.0517884,07/04/16 05:19 PM,1,15,2
127,San Jos+AOk-,Montes de Oca,Sabanilla,9.946205,+AC0-84.041569,0000+AC0-00+AC0-00 00:00:00,1,15,2
131,San Jos+AOk-,Montes de Oca,Sabanilla,9.9399464,+AC0-84.0284211,10/05/16 05:17 PM,1,15,2
191,San Jos+AOk-,Montes de Oca,Sabanilla,9.9420211,+AC0-84.0342552,07/19/16 04:11 PM,1,15,2
196,San Jos+AOk-,Montes de Oca,Sabanilla,9.946667,+AC0-84.03639,03/16/16 08:52 PM,1,15,2
237,San Jos+AOk-,Montes de Oca,Sabanilla,9.9466667,+AC0-84.0363922,04/13/15 12:01 AM,1,15,2
238,San Jos+AOk-,Montes de Oca,Sabanilla,9.9447011,+AC0-84.0297618,04/13/15 04:39 PM,1,15,2
318,San Jos+AOk-,Montes de Oca,Sabanilla,9.9430533,+AC0-84.0417838,07/01/15 02:41 PM,1,15,2
361,San Jos+AOk-,Montes de Oca,Sabanilla,9.9467572,+AC0-84.0375631,09/24/16 02:54 AM,1,15,2
468,San Jos+AOk-,Montes de Oca,Sabanilla,9.9450974,+AC0-84.0312817,07/13/16 02:22 AM,1,15,2
5,San Jos+AOk-,Montes de Oca,San Pedro,9.9274471,+AC0-84.0530169,07/23/14 03:27 AM,1,15,1
15,San Jos+AOk-,Montes de Oca,San Pedro,9.9330112,+AC0-84.0408236,03/16/15 02:59 PM,1,15,1
16,San Jos+AOk-,Montes de Oca,San Pedro,9.933006,+AC0-84.053628,0000+AC0-00+AC0-00 00:00:00,1,15,1
18,San Jos+AOk-,Montes de Oca,San Pedro,9.9316418,+AC0-84.049343,07/15/16 09:33 PM,1,15,1
44,San Jos+AOk-,Montes de Oca,San Pedro,9.9287913,+AC0-84.0569029,06/24/16 11:24 PM,1,15,1
69,San Jos+AOk-,Montes de Oca,San Pedro,9.9278592,+AC0-84.046998,02/23/15 04:27 PM,1,15,1
70,San Jos+AOk-,Montes de Oca,San Pedro,9.9338894,+AC0-84.0544434,04/17/15 05:25 PM,1,15,1
83,San Jos+AOk-,Montes de Oca,San Pedro,9.9338894,+AC0-84.0544434,07/16/14 04:37 PM,1,15,1
94,San Jos+AOk-,Montes de Oca,San Pedro,9.9334497,+AC0-84.0438437,11/17/14 10:45 PM,1,15,1
99,San Jos+AOk-,Montes de Oca,San Pedro,9.9295396,+AC0-84.0513968,10/31/14 05:15 PM,1,15,1
110,San Jos+AOk-,Montes de Oca,San Pedro,9.931817,+AC0-84.0492886,10/27/14 09:24 PM,1,15,1
124,San Jos+AOk-,Montes de Oca,San Pedro,9.9317615,+AC0-84.0616322,07/21/14 05:41 PM,1,15,1
136,San Jos+AOk-,Montes de Oca,San Pedro,9.9314524,+AC0-84.0524515,03/12/16 10:47 PM,1,15,1
139,San Jos+AOk-,Montes de Oca,San Pedro,9.9369451,+AC0-84.0352714,07/12/14 04:41 AM,1,15,1
149,San Jos+AOk-,Montes de Oca,San Pedro,9.9256293,+AC0-84.0472233,05/17/16 11:36 PM,1,15,1
159,San Jos+AOk-,Montes de Oca,San Pedro,9.940757,+AC0-84.05615,0000+AC0-00+AC0-00 00:00:00,1,15,1
163,San Jos+AOk-,Montes de Oca,San Pedro,9.9394682,+AC0-84.0559378,09/01/14 04:26 PM,1,15,1
165,San Jos+AOk-,Montes de Oca,San Pedro,9.934443,+AC0-84.056439,0000+AC0-00+AC0-00 00:00:00,1,15,1
169,San Jos+AOk-,Montes de Oca,San Pedro,9.933381,+AC0-84.0503029,06/30/16 09:07 PM,1,15,1
176,San Jos+AOk-,Montes de Oca,San Pedro,9.9338894,+AC0-84.0544434,09/30/14 11:24 PM,1,15,1
177,San Jos+AOk-,Montes de Oca,San Pedro,9.9305224,+AC0-84.0489024,03/10/14 08:34 PM,1,15,1
185,San Jos+AOk-,Montes de Oca,San Pedro,9.935637,+AC0-84.056182,0000+AC0-00+AC0-00 00:00:00,1,15,1
203,San Jos+AOk-,Montes de Oca,San Pedro,9.9298724,+AC0-84.0509677,12/19/14 05:43 PM,1,15,1
207,San Jos+AOk-,Montes de Oca,San Pedro,9.9296928,+AC0-84.0515041,08/29/14 09:14 PM,1,15,1
215,San Jos+AOk-,Montes de Oca,San Pedro,9.9297615,+AC0-84.0477866,07/24/14 03:09 PM,1,15,1
223,San Jos+AOk-,Montes de Oca,San Pedro,9.932234,+AC0-84.044477,09/20/13 07:14 AM,1,15,1
278,San Jos+AOk-,Montes de Oca,San Pedro,9.9278064,+AC0-84.0532315,0000+AC0-00+AC0-00 00:00:00,1,15,1
286,San Jos+AOk-,Montes de Oca,San Pedro,9.9327919,+AC0-84.0613988,10/02/15 08:32 PM,1,15,1
292,San Jos+AOk-,Montes de Oca,San Pedro,9.9293388,+AC0-84.0596098,08/28/15 06:24 PM,1,15,1
308,San Jos+AOk-,Montes de Oca,San Pedro,9.9353625,+AC0-84.0475023,07/31/15 03:29 PM,1,15,1
322,San Jos+AOk-,Montes de Oca,San Pedro,9.9338894,+AC0-84.0544434,04/10/15 12:06 AM,1,15,1
329,San Jos+AOk-,Montes de Oca,San Pedro,9.9340574,+AC0-84.0565521,08/30/14 10:39 PM,1,15,1
337,San Jos+AOk-,Montes de Oca,San Pedro,9.9283658,+AC0-84.0535206,08/05/14 10:37 PM,1,15,1
356,San Jos+AOk-,Montes de Oca,San Pedro,9.928974,+AC0-84.049256,0000+AC0-00+AC0-00 00:00:00,1,15,1
359,San Jos+AOk-,Montes de Oca,San Pedro,9.9338894,+AC0-84.0544434,09/20/13 07:14 AM,1,15,1
370,San Jos+AOk-,Montes de Oca,San Pedro,9.9314022,+AC0-84.0579495,05/30/14 08:33 PM,1,15,1
374,San Jos+AOk-,Montes de Oca,San Pedro,9.9277218,+AC0-84.0487254,09/01/17 03:51 PM,1,15,1
382,San Jos+AOk-,Montes de Oca,San Pedro,9.9359015,+AC0-84.0589499,0000+AC0-00+AC0-00 00:00:00,1,15,1
408,San Jos+AOk-,Montes de Oca,San Pedro,9.940572,+AC0-84.055828,0000+AC0-00+AC0-00 00:00:00,1,15,1
410,San Jos+AOk-,Montes de Oca,San Pedro,9.9359966,+AC0-84.0551037,07/17/14 08:24 PM,1,15,1
411,San Jos+AOk-,Montes de Oca,San Pedro,9.935994,+AC0-84.0551439,07/17/14 08:30 PM,1,15,1
445,San Jos+AOk-,Montes de Oca,San Pedro,9.9325673,+AC0-84.0600121,02/23/15 05:40 PM,1,15,1
449,San Jos+AOk-,Montes de Oca,San Pedro,9.9338894,+AC0-84.0544434,10/17/14 09:29 PM,1,15,1
450,San Jos+AOk-,Montes de Oca,San Pedro,9.9286148,+AC0-84.0599585,07/02/14 04:32 PM,1,15,1
458,San Jos+AOk-,Montes de Oca,San Pedro,9.9302529,+AC0-84.0532583,09/30/14 12:13 AM,1,15,1
461,San Jos+AOk-,Montes de Oca,San Pedro,9.9301517,+AC0-84.0511025,09/20/13 07:14 AM,1,15,1
462,San Jos+AOk-,Montes de Oca,San Pedro,9.9308711,+AC0-84.0513647,02/23/15 05:20 AM,1,15,1
475,San Jos+AOk-,Montes de Oca,San Pedro,9.9338894,+AC0-84.0544434,10/29/14 02:31 AM,1,15,1
490,San Jos+AOk-,Montes de Oca,San Pedro,9.936979,+AC0-84.048929,0000+AC0-00+AC0-00 00:00:00,1,15,1
491,San Jos+AOk-,Montes de Oca,San Pedro,9.9386091,+AC0-84.050355,09/27/14 12:12 AM,1,15,1
492,San Jos+AOk-,Montes de Oca,San Pedro,9.932414,+AC0-84.04467,0000+AC0-00+AC0-00 00:00:00,1,15,1
497,San Jos+AOk-,Montes de Oca,San Pedro,9.9345224,+AC0-84.0561088,02/23/17 07:17 PM,1,15,1
181,San Jos+AOk-,Mora,Col+APM-n,9.915833,+AC0-84.24416,05/17/16 08:02 PM,1,7,1
272,San Jos+AOk-,Mora,Col+APM-n,9.9137815,+AC0-84.2426431,10/14/14 12:12 AM,1,7,1
141,San Jos+AOk-,Moravia,La Trinidad,9.9844363,+AC0-84.0324636,08/06/14 06:40 PM,1,14,3
344,San Jos+AOk-,Moravia,San Jer+APM-nimo,10.0101333,+AC0-84.0114544,01/20/17 05:14 PM,1,14,2
438,San Jos+AOk-,Moravia,San Jer+APM-nimo,9.996982,+AC0-84.0217688,08/28/17 04:51 AM,1,14,2
183,San Jos+AOk-,Moravia,San Vicente,9.9635205,+AC0-84.0555735,10/29/14 11:57 PM,1,14,1
494,San Jos+AOk-,Moravia,San Vicente,9.9656604,+AC0-84.049855,08/06/14 05:58 PM,1,14,1
495,San Jos+AOk-,Moravia,San Vicente,9.9656868,+AC0-84.0497102,08/06/14 06:02 PM,1,14,1
7,San Jos+AOk-,San Jos+AOk-,Pavas,9.9467995,+AC0-84.1231969,07/07/15 10:07 PM,1,1,9
12,San Jos+AOk-,San Jos+AOk-,Pavas,9.9440863,+AC0-84.116604,02/25/15 07:26 PM,1,1,9
22,San Jos+AOk-,San Jos+AOk-,Pavas,9.9388764,+AC0-84.1126102,11/05/14 03:16 PM,1,1,9
26,San Jos+AOk-,San Jos+AOk-,Pavas,9.9513442,+AC0-84.1130209,11/03/14 03:27 PM,1,1,9
31,San Jos+AOk-,San Jos+AOk-,Pavas,9.936451,+AC0-84.111253,03/28/16 05:17 PM,1,1,9
34,San Jos+AOk-,San Jos+AOk-,Pavas,9.9417455,+AC0-84.1082382,03/10/14 03:07 PM,1,1,9
45,San Jos+AOk-,San Jos+AOk-,Pavas,9.9418372,+AC0-84.1214282,10/15/16 09:14 PM,1,1,9
93,San Jos+AOk-,San Jos+AOk-,Pavas,9.9448493,+AC0-84.1172202,09/13/16 07:42 PM,1,1,9
115,San Jos+AOk-,San Jos+AOk-,Pavas,9.944789,+AC0-84.1179854,08/21/14 09:53 PM,1,1,9
168,San Jos+AOk-,San Jos+AOk-,Pavas,9.9432085,+AC0-84.1185626,06/20/17 03:20 AM,1,1,9
206,San Jos+AOk-,San Jos+AOk-,Pavas,9.9482645,+AC0-84.1310698,10/30/14 03:54 PM,1,1,9
219,San Jos+AOk-,San Jos+AOk-,Pavas,9.9432204,+AC0-84.1185061,08/16/17 09:16 PM,1,1,9
221,San Jos+AOk-,San Jos+AOk-,Pavas,9.9382529,+AC0-84.1139352,08/05/15 07:16 PM,1,1,9
241,San Jos+AOk-,San Jos+AOk-,Pavas,9.9413266,+AC0-84.1182279,08/22/17 04:19 PM,1,1,9
275,San Jos+AOk-,San Jos+AOk-,Pavas,9.9445978,+AC0-84.1179806,09/09/16 05:12 PM,1,1,9
283,San Jos+AOk-,San Jos+AOk-,Pavas,9.9334238,+AC0-84.119276,09/26/16 03:50 PM,1,1,9
309,San Jos+AOk-,San Jos+AOk-,Pavas,9.9449264,+AC0-84.1163439,12/17/14 05:22 PM,1,1,9
326,San Jos+AOk-,San Jos+AOk-,Pavas,9.9440863,+AC0-84.116604,10/14/15 05:00 PM,1,1,9
373,San Jos+AOk-,San Jos+AOk-,Pavas,9.9440863,+AC0-84.116604,09/08/15 07:34 PM,1,1,9
409,San Jos+AOk-,San Jos+AOk-,Pavas,9.9462447,+AC0-84.1210029,07/08/15 08:19 PM,1,1,9
414,San Jos+AOk-,San Jos+AOk-,Pavas,9.9471038,+AC0-84.1258872,09/08/17 05:37 PM,1,1,9
431,San Jos+AOk-,San Jos+AOk-,Pavas,9.9373929,+AC0-84.1126384,04/05/16 07:16 PM,1,1,9
443,San Jos+AOk-,San Jos+AOk-,Pavas,9.946699,+AC0-84.1247352,0000+AC0-00+AC0-00 00:00:00,1,1,9
453,San Jos+AOk-,San Jos+AOk-,Pavas,9.9437164,+AC0-84.1174194,0000+AC0-00+AC0-00 00:00:00,1,1,9
463,San Jos+AOk-,San Jos+AOk-,Pavas,9.9425909,+AC0-84.1138494,08/11/14 03:46 PM,1,1,9
74,San Jos+AOk-,San Jos+AOk-,Carmen,9.9378375,+AC0-84.0698816,09/13/16 03:36 PM,1,1,1
383,San Jos+AOk-,San Jos+AOk-,Carmen,9.9380206,+AC0-84.0699759,10/30/14 09:54 PM,1,1,1
417,San Jos+AOk-,San Jos+AOk-,Carmen,9.929987,+AC0-84.0661775,08/26/16 08:23 PM,1,1,1
499,San Jos+AOk-,San Jos+AOk-,Carmen,9.9379578,+AC0-84.0700117,05/05/17 02:58 PM,1,1,1
23,San Jos+AOk-,San Jos+AOk-,Catedral,9.9278328,+AC0-84.0787312,08/22/17 04:21 PM,1,1,4
79,San Jos+AOk-,San Jos+AOk-,Catedral,9.9270666,+AC0-84.0790879,10/05/16 02:01 AM,1,1,4
162,San Jos+AOk-,San Jos+AOk-,Catedral,9.9242132,+AC0-84.0716395,03/27/17 07:55 PM,1,1,4
175,San Jos+AOk-,San Jos+AOk-,Catedral,9.9185855,+AC0-84.0721786,11/29/16 08:43 PM,1,1,4
204,San Jos+AOk-,San Jos+AOk-,Catedral,9.9184006,+AC0-84.0721786,07/20/16 11:36 PM,1,1,4
338,San Jos+AOk-,San Jos+AOk-,Catedral,9.9267789,+AC0-84.0756382,09/17/16 03:27 PM,1,1,4
390,San Jos+AOk-,San Jos+AOk-,Catedral,9.9278328,+AC0-84.0787312,0000+AC0-00+AC0-00 00:00:00,1,1,4
170,San Jos+AOk-,San Jos+AOk-,Hatillo,9.9147371,+AC0-84.0968297,10/08/14 12:45 AM,1,1,10
213,San Jos+AOk-,San Jos+AOk-,Hatillo,9.9160141,+AC0-84.0972682,10/31/13 08:59 PM,1,1,10
76,San Jos+AOk-,San Jos+AOk-,Hospital,9.9351657,+AC0-84.091349,05/17/16 10:57 PM,1,1,3
108,San Jos+AOk-,San Jos+AOk-,Hospital,9.9332,+AC0-84.0832,09/20/16 09:47 PM,1,1,3
128,San Jos+AOk-,San Jos+AOk-,Hospital,9.9269821,+AC0-84.0880144,09/05/16 11:39 PM,1,1,3
148,San Jos+AOk-,San Jos+AOk-,Hospital,9.9468206,+AC0-84.1235644,09/27/16 12:44 AM,1,1,3
164,San Jos+AOk-,San Jos+AOk-,Hospital,9.9362012,+AC0-84.0911596,08/10/16 04:52 AM,1,1,3
234,San Jos+AOk-,San Jos+AOk-,Hospital,9.9352119,+AC0-84.0918298,10/01/16 07:48 PM,1,1,3
235,San Jos+AOk-,San Jos+AOk-,Hospital,9.9351934,+AC0-84.0912384,09/12/17 02:39 PM,1,1,3
245,San Jos+AOk-,San Jos+AOk-,Hospital,9.93122,+AC0-84.085198,01/02/17 10:10 PM,1,1,3
258,San Jos+AOk-,San Jos+AOk-,Hospital,9.9312715,+AC0-84.0854086,10/11/16 08:06 PM,1,1,3
287,San Jos+AOk-,San Jos+AOk-,Hospital,9.9350728,+AC0-84.0903224,07/28/17 12:08 AM,1,1,3
294,San Jos+AOk-,San Jos+AOk-,Hospital,9.9280694,+AC0-84.0907246,12/19/16 02:25 AM,1,1,3
302,San Jos+AOk-,San Jos+AOk-,Hospital,9.9280694,+AC0-84.0907246,10/06/16 05:06 PM,1,1,3
381,San Jos+AOk-,San Jos+AOk-,Hospital,9.9326307,+AC0-84.0881753,10/04/16 05:31 PM,1,1,3
415,San Jos+AOk-,San Jos+AOk-,Hospital,9.9280694,+AC0-84.0907246,11/17/16 08:49 PM,1,1,3
428,San Jos+AOk-,San Jos+AOk-,Hospital,9.9303744,+AC0-84.0928745,09/19/14 05:07 PM,1,1,3
487,San Jos+AOk-,San Jos+AOk-,Hospital,9.9349953,+AC0-84.0879875,08/08/17 09:16 PM,1,1,3
488,San Jos+AOk-,San Jos+AOk-,Hospital,9.9280694,+AC0-84.0907246,10/12/16 10:53 PM,1,1,3
500,San Jos+AOk-,San Jos+AOk-,Hospital,9.9348561,+AC0-84.0865403,05/05/17 03:01 PM,1,1,3
6,San Jos+AOk-,San Jos+AOk-,Mata Redonda,9.935934,+AC0-84.111118,08/16/16 09:27 PM,1,1,8
10,San Jos+AOk-,San Jos+AOk-,Mata Redonda,9.9357634,+AC0-84.1107421,06/09/17 09:06 PM,1,1,8
28,San Jos+AOk-,San Jos+AOk-,Mata Redonda,9.9301366,+AC0-84.0972573,10/27/14 03:16 PM,1,1,8
37,San Jos+AOk-,San Jos+AOk-,Mata Redonda,9.929666,+AC0-84.103947,01/31/17 11:11 PM,1,1,8
63,San Jos+AOk-,San Jos+AOk-,Mata Redonda,9.930554,+AC0-84.107605,0000+AC0-00+AC0-00 00:00:00,1,1,8
71,San Jos+AOk-,San Jos+AOk-,Mata Redonda,9.9358539,+AC0-84.1111028,10/20/15 09:20 PM,1,1,8
72,San Jos+AOk-,San Jos+AOk-,Mata Redonda,9.930734,+AC0-84.098464,0000+AC0-00+AC0-00 00:00:00,1,1,8
73,San Jos+AOk-,San Jos+AOk-,Mata Redonda,9.9370217,+AC0-84.109633,0000+AC0-00+AC0-00 00:00:00,1,1,8
75,San Jos+AOk-,San Jos+AOk-,Mata Redonda,9.9408314,+AC0-84.1069454,04/06/15 05:19 PM,1,1,8
77,San Jos+AOk-,San Jos+AOk-,Mata Redonda,9.9420705,+AC0-84.1077353,05/24/15 07:16 PM,1,1,8
86,San Jos+AOk-,San Jos+AOk-,Mata Redonda,9.936389,+AC0-84.1077805,06/25/15 05:17 PM,1,1,8
97,San Jos+AOk-,San Jos+AOk-,Mata Redonda,9.936389,+AC0-84.1077805,11/15/13 11:15 PM,1,1,8
105,San Jos+AOk-,San Jos+AOk-,Mata Redonda,9.9304167,+AC0-84.1068435,05/12/15 05:33 PM,1,1,8
111,San Jos+AOk-,San Jos+AOk-,Mata Redonda,9.941233,+AC0-84.1077179,05/05/14 06:16 PM,1,1,8
119,San Jos+AOk-,San Jos+AOk-,Mata Redonda,9.9294444,+AC0-84.1070151,07/16/14 06:45 PM,1,1,8
158,San Jos+AOk-,San Jos+AOk-,Mata Redonda,9.940625,+AC0-84.110212,0000+AC0-00+AC0-00 00:00:00,1,1,8
182,San Jos+AOk-,San Jos+AOk-,Mata Redonda,9.9311369,+AC0-84.0983677,02/27/17 10:08 PM,1,1,8
184,San Jos+AOk-,San Jos+AOk-,Mata Redonda,9.9343057,+AC0-84.0973645,0000+AC0-00+AC0-00 00:00:00,1,1,8
218,San Jos+AOk-,San Jos+AOk-,Mata Redonda,9.941735,+AC0-84.107959,0000+AC0-00+AC0-00 00:00:00,1,1,8
222,San Jos+AOk-,San Jos+AOk-,Mata Redonda,9.9412911,+AC0-84.1078627,09/22/16 04:50 PM,1,1,8
226,San Jos+AOk-,San Jos+AOk-,Mata Redonda,9.9346386,+AC0-84.1101587,05/28/14 07:40 PM,1,1,8
236,San Jos+AOk-,San Jos+AOk-,Mata Redonda,9.7090571,+AC0-83.6279297,09/17/14 04:20 PM,1,1,8
263,San Jos+AOk-,San Jos+AOk-,Mata Redonda,9.9334867,+AC0-84.1170359,08/19/15 08:03 PM,1,1,8
276,San Jos+AOk-,San Jos+AOk-,Mata Redonda,9.9364193,+AC0-84.111422,06/19/14 04:25 PM,1,1,8
284,San Jos+AOk-,San Jos+AOk-,Mata Redonda,9.9401075,+AC0-84.1069239,09/24/15 11:53 PM,1,1,8
296,San Jos+AOk-,San Jos+AOk-,Mata Redonda,9.9365179,+AC0-84.0950841,07/04/17 02:42 PM,1,1,8
297,San Jos+AOk-,San Jos+AOk-,Mata Redonda,9.9305555,+AC0-84.1096897,06/06/16 09:25 PM,1,1,8
298,San Jos+AOk-,San Jos+AOk-,Mata Redonda,9.9442923,+AC0-84.1305006,02/06/14 05:14 PM,1,1,8
300,San Jos+AOk-,San Jos+AOk-,Mata Redonda,9.9397535,+AC0-84.1068113,12/19/16 09:11 PM,1,1,8
330,San Jos+AOk-,San Jos+AOk-,Mata Redonda,9.936389,+AC0-84.10778,12/10/15 06:13 PM,1,1,8
335,San Jos+AOk-,San Jos+AOk-,Mata Redonda,9.9302423,+AC0-84.1055346,09/12/14 05:33 PM,1,1,8
340,San Jos+AOk-,San Jos+AOk-,Mata Redonda,9.9386809,+AC0-84.1076535,07/25/14 12:23 AM,1,1,8
348,San Jos+AOk-,San Jos+AOk-,Mata Redonda,9.9296928,+AC0-84.1012108,03/04/15 04:50 PM,1,1,8
353,San Jos+AOk-,San Jos+AOk-,Mata Redonda,9.93011,+AC0-84.098164,0000+AC0-00+AC0-00 00:00:00,1,1,8
354,San Jos+AOk-,San Jos+AOk-,Mata Redonda,9.9380595,+AC0-84.1052462,08/10/16 10:59 PM,1,1,8
366,San Jos+AOk-,San Jos+AOk-,Mata Redonda,9.9304801,+AC0-84.0985501,07/30/14 06:12 PM,1,1,8
372,San Jos+AOk-,San Jos+AOk-,Mata Redonda,9.9402999,+AC0-84.1097952,09/21/16 08:49 PM,1,1,8
376,San Jos+AOk-,San Jos+AOk-,Mata Redonda,9.9334022,+AC0-84.113336,08/18/15 09:54 PM,1,1,8
399,San Jos+AOk-,San Jos+AOk-,Mata Redonda,9.942306,+AC0-84.112873,0000+AC0-00+AC0-00 00:00:00,1,1,8
406,San Jos+AOk-,San Jos+AOk-,Mata Redonda,9.9384378,+AC0-84.1047615,09/28/16 03:57 AM,1,1,8
418,San Jos+AOk-,San Jos+AOk-,Mata Redonda,9.9346756,+AC0-84.11062,11/07/15 04:23 AM,1,1,8
427,San Jos+AOk-,San Jos+AOk-,Mata Redonda,9.9393836,+AC0-84.099623,03/27/15 06:01 AM,1,1,8
451,San Jos+AOk-,San Jos+AOk-,Mata Redonda,9.9374101,+AC0-84.1094573,08/21/17 08:10 PM,1,1,8
476,San Jos+AOk-,San Jos+AOk-,Mata Redonda,9.9302304,+AC0-84.1042377,03/11/15 10:49 PM,1,1,8
489,San Jos+AOk-,San Jos+AOk-,Mata Redonda,9.9337853,+AC0-84.1189003,10/10/14 05:11 PM,1,1,8
11,San Jos+AOk-,San Jos+AOk-,Pavas,9.9438143,+AC0-84.145987,12/28/16 08:31 PM,1,1,9
25,San Jos+AOk-,San Jos+AOk-,Pavas,9.951288,+AC0-84.1320777,11/07/16 04:14 PM,1,1,9
80,San Jos+AOk-,San Jos+AOk-,Pavas,9.9475845,+AC0-84.1271009,04/15/17 08:48 PM,1,1,9
100,San Jos+AOk-,San Jos+AOk-,Pavas,9.9436414,+AC0-84.1283054,02/06/15 04:18 PM,1,1,9
116,San Jos+AOk-,San Jos+AOk-,Pavas,9.9436734,+AC0-84.1370654,08/21/14 04:10 AM,1,1,9
140,San Jos+AOk-,San Jos+AOk-,Pavas,9.9437639,+AC0-84.1276467,05/24/16 04:03 PM,1,1,9
142,San Jos+AOk-,San Jos+AOk-,Pavas,9.9425001,+AC0-84.1302795,03/23/15 04:03 PM,1,1,9
171,San Jos+AOk-,San Jos+AOk-,Pavas,9.9449369,+AC0-84.1306508,04/26/16 08:48 PM,1,1,9
195,San Jos+AOk-,San Jos+AOk-,Pavas,9.9467546,+AC0-84.1233766,01/20/15 08:51 PM,1,1,9
198,San Jos+AOk-,San Jos+AOk-,Pavas,9.9414285,+AC0-84.1336656,08/22/14 05:51 PM,1,1,9
200,San Jos+AOk-,San Jos+AOk-,Pavas,9.951973,+AC0-84.12452,0000+AC0-00+AC0-00 00:00:00,1,1,9
202,San Jos+AOk-,San Jos+AOk-,Pavas,9.9474976,+AC0-84.1290283,10/08/14 05:33 PM,1,1,9
225,San Jos+AOk-,San Jos+AOk-,Pavas,9.942992,+AC0-84.125957,0000+AC0-00+AC0-00 00:00:00,1,1,9
229,San Jos+AOk-,San Jos+AOk-,Pavas,9.9420308,+AC0-84.1255867,10/31/14 04:44 PM,1,1,9
285,San Jos+AOk-,San Jos+AOk-,Pavas,9.9460758,+AC0-84.1272539,09/23/16 11:01 PM,1,1,9
324,San Jos+AOk-,San Jos+AOk-,Pavas,9.951679,+AC0-84.1377318,08/22/14 04:54 PM,1,1,9
360,San Jos+AOk-,San Jos+AOk-,Pavas,9.937883,+AC0-84.1138494,03/16/15 07:15 PM,1,1,9
362,San Jos+AOk-,San Jos+AOk-,Pavas,9.9418829,+AC0-84.1232586,10/30/14 03:26 AM,1,1,9
368,San Jos+AOk-,San Jos+AOk-,Pavas,9.9437692,+AC0-84.1276842,10/04/16 02:44 PM,1,1,9
395,San Jos+AOk-,San Jos+AOk-,Pavas,9.9549232,+AC0-84.1383433,10/30/14 07:55 PM,1,1,9
401,San Jos+AOk-,San Jos+AOk-,Pavas,9.9461205,+AC0-84.1228992,03/03/17 08:48 PM,1,1,9
454,San Jos+AOk-,San Jos+AOk-,Pavas,9.9411748,+AC0-84.1240418,02/06/15 04:15 PM,1,1,9
459,San Jos+AOk-,San Jos+AOk-,Pavas,9.9425001,+AC0-84.1302795,05/07/15 09:12 PM,1,1,9
14,San Jos+AOk-,San Jos+AOk-,San Francisco de Dos R+AO0-os,9.9106247,+AC0-84.0648674,09/29/14 04:27 PM,1,1,6
65,San Jos+AOk-,San Jos+AOk-,San Francisco de Dos R+AO0-os,9.9115947,+AC0-84.0610102,09/14/16 07:57 PM,1,1,6
88,San Jos+AOk-,San Jos+AOk-,San Francisco de Dos R+AO0-os,9.9088824,+AC0-84.0566361,05/24/16 11:34 PM,1,1,6
89,San Jos+AOk-,San Jos+AOk-,San Francisco de Dos R+AO0-os,9.907778,+AC0-84.055,04/06/16 04:06 AM,1,1,6
95,San Jos+AOk-,San Jos+AOk-,San Francisco de Dos R+AO0-os,9.9123606,+AC0-84.0649514,08/01/17 11:37 PM,1,1,6
101,San Jos+AOk-,San Jos+AOk-,San Francisco de Dos R+AO0-os,9.907778,+AC0-84.055,04/04/16 11:40 PM,1,1,6
147,San Jos+AOk-,San Jos+AOk-,San Francisco de Dos R+AO0-os,9.9066006,+AC0-84.0567291,07/31/14 12:02 AM,1,1,6
152,San Jos+AOk-,San Jos+AOk-,San Francisco de Dos R+AO0-os,9.9104318,+AC0-84.0549502,05/18/16 01:54 PM,1,1,6
179,San Jos+AOk-,San Jos+AOk-,San Francisco de Dos R+AO0-os,9.9120383,+AC0-84.0632629,04/20/16 05:18 PM,1,1,6
211,San Jos+AOk-,San Jos+AOk-,San Francisco de Dos R+AO0-os,9.9107198,+AC0-84.0648794,07/13/15 10:53 PM,1,1,6
268,San Jos+AOk-,San Jos+AOk-,San Francisco de Dos R+AO0-os,9.9077778,+AC0-84.0550003,10/10/14 05:25 PM,1,1,6
279,San Jos+AOk-,San Jos+AOk-,San Francisco de Dos R+AO0-os,9.9041249,+AC0-84.0568686,08/10/15 09:41 PM,1,1,6
280,San Jos+AOk-,San Jos+AOk-,San Francisco de Dos R+AO0-os,9.9077778,+AC0-84.0550003,09/01/15 04:17 PM,1,1,6
336,San Jos+AOk-,San Jos+AOk-,San Francisco de Dos R+AO0-os,9.907778,+AC0-84.055,11/25/15 05:39 PM,1,1,6
349,San Jos+AOk-,San Jos+AOk-,San Francisco de Dos R+AO0-os,9.9046041,+AC0-84.0579158,01/11/17 04:25 PM,1,1,6
377,San Jos+AOk-,San Jos+AOk-,San Francisco de Dos R+AO0-os,9.9113513,+AC0-84.0595615,08/27/15 07:52 PM,1,1,6
384,San Jos+AOk-,San Jos+AOk-,San Francisco de Dos R+AO0-os,9.9080918,+AC0-84.0616709,05/05/17 10:44 PM,1,1,6
402,San Jos+AOk-,San Jos+AOk-,San Francisco de Dos R+AO0-os,9.9121017,+AC0-84.0609026,07/23/14 05:36 PM,1,1,6
457,San Jos+AOk-,San Jos+AOk-,San Francisco de Dos R+AO0-os,9.9116788,+AC0-84.0654077,12/04/14 04:39 PM,1,1,6
465,San Jos+AOk-,San Jos+AOk-,San Francisco de Dos R+AO0-os,9.9090146,+AC0-84.0569419,11/22/15 04:56 AM,1,1,6
4,San Jos+AOk-,San Jos+AOk-,San Sebasti+AOE-n,9.8952047,+AC0-84.0859486,05/23/17 02:23 PM,1,1,11
56,San Jos+AOk-,San Jos+AOk-,San Sebasti+AOE-n,9.8953499,+AC0-84.0844502,08/23/16 02:57 AM,1,1,11
61,San Jos+AOk-,San Jos+AOk-,San Sebasti+AOE-n,9.911111,+AC0-84.085,02/26/16 05:53 PM,1,1,11
178,San Jos+AOk-,San Jos+AOk-,San Sebasti+AOE-n,9.9106089,+AC0-84.0888883,08/03/15 08:37 PM,1,1,11
301,San Jos+AOk-,San Jos+AOk-,San Sebasti+AOE-n,9.8957304,+AC0-84.0836692,09/06/17 04:53 PM,1,1,11
33,San Jos+AOk-,San Jos+AOk-,Uruca,9.9480932,+AC0-84.1157824,04/05/16 05:50 PM,1,1,7
35,San Jos+AOk-,San Jos+AOk-,Uruca,9.9486113,+AC0-84.0988922,10/30/14 09:06 PM,1,1,7
41,San Jos+AOk-,San Jos+AOk-,Uruca,9.949628,+AC0-84.1078778,05/09/15 10:09 AM,1,1,7
67,San Jos+AOk-,San Jos+AOk-,Uruca,9.951008,+AC0-84.1128033,12/01/16 12:38 AM,1,1,7
82,San Jos+AOk-,San Jos+AOk-,Uruca,9.9516685,+AC0-84.1182375,09/27/14 12:13 AM,1,1,7
91,San Jos+AOk-,San Jos+AOk-,Uruca,9.9513076,+AC0-84.1186843,11/12/14 02:10 AM,1,1,7
106,San Jos+AOk-,San Jos+AOk-,Uruca,9.9486113,+AC0-84.0988922,10/11/15 11:13 PM,1,1,7
133,San Jos+AOk-,San Jos+AOk-,Uruca,9.9591793,+AC0-84.1197643,09/23/16 09:01 PM,1,1,7
144,San Jos+AOk-,San Jos+AOk-,Uruca,9.948611,+AC0-84.09889,05/17/16 10:30 PM,1,1,7
157,San Jos+AOk-,San Jos+AOk-,Uruca,9.948611,+AC0-84.09889,05/17/16 11:52 PM,1,1,7
167,San Jos+AOk-,San Jos+AOk-,Uruca,9.948611,+AC0-84.09889,05/17/16 07:42 PM,1,1,7
173,San Jos+AOk-,San Jos+AOk-,Uruca,9.948611,+AC0-84.09889,05/18/16 02:29 PM,1,1,7
312,San Jos+AOk-,San Jos+AOk-,Uruca,9.9580617,+AC0-84.1198361,11/27/14 08:20 PM,1,1,7
325,San Jos+AOk-,San Jos+AOk-,Uruca,9.9570015,+AC0-84.1122098,12/08/15 03:13 PM,1,1,7
332,San Jos+AOk-,San Jos+AOk-,Uruca,9.9494387,+AC0-84.1108024,04/25/16 11:06 PM,1,1,7
343,San Jos+AOk-,San Jos+AOk-,Uruca,9.9278796,+AC0-84.0426941,08/01/16 09:35 PM,1,1,7
375,San Jos+AOk-,San Jos+AOk-,Uruca,9.9486113,+AC0-84.0988922,04/21/15 11:54 PM,1,1,7
388,San Jos+AOk-,San Jos+AOk-,Uruca,9.9497029,+AC0-84.1173792,10/31/14 06:06 PM,1,1,7
392,San Jos+AOk-,San Jos+AOk-,Uruca,9.9511612,+AC0-84.1174328,10/10/14 10:08 PM,1,1,7
394,San Jos+AOk-,San Jos+AOk-,Uruca,9.951532,+AC0-84.1147208,09/21/14 12:52 PM,1,1,7
397,San Jos+AOk-,San Jos+AOk-,Uruca,9.947928,+AC0-84.115596,0000+AC0-00+AC0-00 00:00:00,1,1,7
40,San Jos+AOk-,San Jos+AOk-,Zapote,9.925122,+AC0-84.058451,0000+AC0-00+AC0-00 00:00:00,1,1,5
90,San Jos+AOk-,San Jos+AOk-,Zapote,9.9192434,+AC0-84.0538122,10/20/15 06:47 PM,1,1,5
102,San Jos+AOk-,San Jos+AOk-,Zapote,9.9211589,+AC0-84.0539342,10/03/14 08:25 PM,1,1,5
103,San Jos+AOk-,San Jos+AOk-,Zapote,9.9248676,+AC0-84.0455107,11/16/16 06:02 PM,1,1,5
104,San Jos+AOk-,San Jos+AOk-,Zapote,9.92037,+AC0-84.0567735,09/04/15 12:21 AM,1,1,5
126,San Jos+AOk-,San Jos+AOk-,Zapote,9.92,+AC0-84.05333,05/13/16 03:04 PM,1,1,5
150,San Jos+AOk-,San Jos+AOk-,Zapote,9.9255994,+AC0-84.0588499,09/19/16 04:42 AM,1,1,5
199,San Jos+AOk-,San Jos+AOk-,Zapote,9.920313,+AC0-84.056343,0000+AC0-00+AC0-00 00:00:00,1,1,5
212,San Jos+AOk-,San Jos+AOk-,Zapote,9.9190558,+AC0-84.0532583,10/20/14 09:07 PM,1,1,5
355,San Jos+AOk-,San Jos+AOk-,Zapote,9.921866,+AC0-84.0537344,02/22/17 07:53 PM,1,1,5
425,San Jos+AOk-,San Jos+AOk-,Zapote,9.9234047,+AC0-84.0580675,09/04/15 04:02 AM,1,1,5
269,San Jos+AOk-,Santa Ana,Piedades,9.9297218,+AC0-84.2186127,10/07/14 07:22 PM,1,9,5
189,San Jos+AOk-,Santa Ana,Pozos,9.9485194,+AC0-84.1947468,08/29/17 01:05 AM,1,9,3
205,San Jos+AOk-,Santa Ana,Pozos,9.9575052,+AC0-84.1964272,07/14/17 10:22 PM,1,9,3
352,San Jos+AOk-,Santa Ana,Pozos,9.9507385,+AC0-84.2010888,09/29/16 08:17 PM,1,9,3
367,San Jos+AOk-,Santa Ana,Pozos,9.9462665,+AC0-84.1877764,04/24/14 06:41 AM,1,9,3
416,San Jos+AOk-,Santa Ana,Pozos,9.9535785,+AC0-84.1900127,07/09/16 06:54 PM,1,9,3
426,San Jos+AOk-,Santa Ana,Pozos,9.9533621,+AC0-84.195103,01/31/17 09:01 PM,1,9,3
432,San Jos+AOk-,Santa Ana,Pozos,9.9533621,+AC0-84.195103,01/31/17 08:59 PM,1,9,3
493,San Jos+AOk-,Santa Ana,Pozos,9.9531056,+AC0-84.1896486,09/30/16 04:47 PM,1,9,3
3,San Jos+AOk-,Tib+AOE-s,Anselmo Llorente,9.9619079,+AC0-84.0630729,10/03/16 07:06 PM,1,13,3
117,San Jos+AOk-,Tib+AOE-s,Anselmo Llorente,9.956389,+AC0-84.069725,05/18/16 02:40 PM,1,13,3
134,San Jos+AOk-,Tib+AOE-s,Anselmo Llorente,9.9622644,+AC0-84.0665348,09/05/16 10:07 PM,1,13,3
227,San Jos+AOk-,Tib+AOE-s,Cinco Esquinas,9.9536218,+AC0-84.0804327,05/17/16 07:47 PM,1,13,2
434,San Jos+AOk-,Tib+AOE-s,Cinco Esquinas,9.9508431,+AC0-84.0821284,07/08/17 03:04 PM,1,13,2
378,San Jos+AOk-,Tib+AOE-s,Colima,9.9609024,+AC0-84.0884103,05/13/15 04:12 PM,1,13,5
17,San Jos+AOk-,Tib+AOE-s,Le+APM-n XIII,9.9772361,+AC0-84.1123911,0000+AC0-00+AC0-00 00:00:00,1,13,4
351,San Jos+AOk-,Tib+AOE-s,Le+APM-n XIII,9.9693657,+AC0-84.1205549,09/29/16 08:12 PM,1,13,4
20,San Jos+AOk-,Tib+AOE-s,San Juan,9.9790687,+AC0-84.0901183,10/08/14 09:15 PM,1,13,1
66,San Jos+AOk-,Tib+AOE-s,San Juan,9.9588119,+AC0-84.0787876,08/22/14 11:19 PM,1,13,1
